STATE,COUNTY,POPESTIMATE2019
1,0,4903185
1,1,55869
1,3,223234
1,5,24686
1,7,22394
1,9,57826
1,11,10101
1,13,19448
1,15,113605
1,17,33254
1,19,26196
1,21,44428
1,23,12589
1,25,23622
1,27,13235
1,29,14910
1,31,52342
1,33,55241
1,35,12067
1,37,10663
1,39,37049
1,41,13772
1,43,83768
1,45,49172
1,47,37196
1,49,71513
1,51,81209
1,53,36633
1,55,102268
1,57,16302
1,59,31362
1,61,26271
1,63,8111
1,65,14651
1,67,17205
1,69,105882
1,71,51626
1,73,658573
1,75,13805
1,77,92729
1,79,32924
1,81,164542
1,83,98915
1,85,9726
1,87,18068
1,89,372909
1,91,18863
1,93,29709
1,95,96774
1,97,413210
1,99,20733
1,101,226486
1,103,119679
1,105,8923
1,107,19930
1,109,33114
1,111,22722
1,113,57961
1,115,89512
1,117,217702
1,119,12427
1,121,79978
1,123,40367
1,125,209355
1,127,63521
1,129,16326
1,131,10373
1,133,23629
2,0,731545
2,13,3337
2,16,5634
2,20,288000
2,50,18386
2,60,836
2,68,2097
2,70,4916
2,90,96849
2,100,2530
2,105,2148
2,110,31974
2,122,58708
2,130,13901
2,150,12998
2,158,8314
2,164,1592
2,170,108317
2,180,10004
2,185,9832
2,188,7621
2,195,3266
2,198,6203
2,220,8493
2,230,1183
2,240,6893
2,261,9202
2,275,2502
2,282,579
2,290,5230
4,0,7278717
4,1,71887
4,3,125922
4,5,143476
4,7,54018
4,9,38837
4,11,9498
4,12,21108
4,13,4485414
4,15,212181
4,17,110924
4,19,1047279
4,21,462789
4,23,46498
4,25,235099
4,27,213787
5,0,3017804
5,1,17486
5,3,19657
5,5,41932
5,7,279141
5,9,37432
5,11,10763
5,13,5189
5,15,28380
5,17,10118
5,19,22320
5,21,14551
5,23,24919
5,25,7956
5,27,23457
5,29,20846
5,31,110332
5,33,63257
5,35,47955
5,37,16419
5,39,7009
5,41,11361
5,43,18219
5,45,126007
5,47,17715
5,49,12477
5,51,99386
5,53,18265
5,55,45325
5,57,21532
5,59,33771
5,61,13202
5,63,37825
5,65,13629
5,67,16719
5,69,66824
5,71,26578
5,73,6624
5,75,16406
5,77,8857
5,79,13024
5,81,12259
5,83,21466
5,85,73309
5,87,16576
5,89,16694
5,91,43257
5,93,40651
5,95,6701
5,97,8986
5,99,8252
5,101,7753
5,103,23382
5,105,10455
5,107,17782
5,109,10718
5,111,23528
5,113,19964
5,115,64072
5,117,8062
5,119,391911
5,121,17958
5,123,24994
5,125,122437
5,127,10281
5,129,7881
5,131,127827
5,133,17007
5,135,17442
5,137,12506
5,139,38682
5,141,16545
5,143,239187
5,145,78753
5,147,6320
5,149,21341
6,0,39512223
6,1,1671329
6,3,1129
6,5,39752
6,7,219186
6,9,45905
6,11,21547
6,13,1153526
6,15,27812
6,17,192843
6,19,999101
6,21,28393
6,23,135558
6,25,181215
6,27,18039
6,29,900202
6,31,152940
6,33,64386
6,35,30573
6,37,10039107
6,39,157327
6,41,258826
6,43,17203
6,45,86749
6,47,277680
6,49,8841
6,51,14444
6,53,434061
6,55,137744
6,57,99755
6,59,3175692
6,61,398329
6,63,18807
6,65,2470546
6,67,1552058
6,69,62808
6,71,2180085
6,73,3338330
6,75,881549
6,77,762148
6,79,283111
6,81,766573
6,83,446499
6,85,1927852
6,87,273213
6,89,180080
6,91,3005
6,93,43539
6,95,447643
6,97,494336
6,99,550660
6,101,96971
6,103,65084
6,105,12285
6,107,466195
6,109,54478
6,111,846006
6,113,220500
6,115,78668
8,0,5758736
8,1,517421
8,3,16233
8,5,656590
8,7,14029
8,9,3581
8,11,5577
8,13,326196
8,14,70465
8,15,20356
8,17,1831
8,19,9700
8,21,8205
8,23,3887
8,25,6061
8,27,5068
8,29,31162
8,31,727211
8,33,2055
8,35,351154
8,37,55127
8,39,26729
8,41,720403
8,43,47839
8,45,60061
8,47,6243
8,49,15734
8,51,17462
8,53,820
8,55,6897
8,57,1392
8,59,582881
8,61,1406
8,63,7097
8,65,8127
8,67,56221
8,69,356899
8,71,14506
8,73,5701
8,75,22409
8,77,154210
8,79,769
8,81,13283
8,83,26183
8,85,42758
8,87,29068
8,89,18278
8,91,4952
8,93,18845
8,95,4265
8,97,17767
8,99,12172
8,101,168424
8,103,6324
8,105,11267
8,107,25638
8,109,6824
8,111,728
8,113,8179
8,115,2248
8,117,31011
8,119,25388
8,121,4908
8,123,324492
8,125,10019
9,0,3565287
9,1,943332
9,3,891720
9,5,180333
9,7,162436
9,9,854757
9,11,265206
9,13,150721
9,15,116782
10,0,973764
10,1,180786
10,3,558753
10,5,234225
11,0,705749
11,1,705749
12,0,21477737
12,1,269043
12,3,29210
12,5,174705
12,7,28201
12,9,601942
12,11,1952778
12,13,14105
12,15,188910
12,17,149657
12,19,219252
12,21,384902
12,23,71686
12,27,38001
12,29,16826
12,31,957755
12,33,318316
12,35,115081
12,37,12125
12,39,45660
12,41,18582
12,43,13811
12,45,13639
12,47,14428
12,49,26937
12,51,42022
12,53,193920
12,55,106221
12,57,1471968
12,59,19617
12,61,159923
12,63,46414
12,65,14246
12,67,8422
12,69,367118
12,71,770577
12,73,293582
12,75,41503
12,77,8354
12,79,18493
12,81,403253
12,83,365579
12,85,161000
12,86,2716940
12,87,74228
12,89,88625
12,91,210738
12,93,42168
12,95,1393452
12,97,375751
12,99,1496770
12,101,553947
12,103,974996
12,105,724777
12,107,74521
12,109,264672
12,111,328297
12,113,184313
12,115,433742
12,117,471826
12,119,132420
12,121,44417
12,123,21569
12,125,15237
12,127,553284
12,129,33739
12,131,74071
12,133,25473
13,0,10617423
13,1,18386
13,3,8165
13,5,11164
13,7,3038
13,9,44890
13,11,19234
13,13,83240
13,15,107738
13,17,16700
13,19,19397
13,21,153159
13,23,12873
13,25,19109
13,27,15457
13,29,39627
13,31,79608
13,33,22383
13,35,24936
13,37,6189
13,39,54666
13,43,10803
13,45,119992
13,47,67580
13,49,13392
13,51,289430
13,53,10907
13,55,24789
13,57,258773
13,59,128331
13,61,2834
13,63,292256
13,65,6618
13,67,760141
13,69,43273
13,71,45600
13,73,156714
13,75,17270
13,77,148509
13,79,12404
13,81,22372
13,83,16116
13,85,26108
13,87,26404
13,89,759297
13,91,20605
13,93,13390
13,95,87956
13,97,146343
13,99,10190
13,101,4006
13,103,64296
13,105,19194
13,107,22646
13,109,10654
13,111,26188
13,113,114421
13,115,98498
13,117,244252
13,119,23349
13,121,1063937
13,123,31369
13,125,2971
13,127,85292
13,129,57963
13,131,24633
13,133,18324
13,135,936250
13,137,45328
13,139,204441
13,141,8457
13,143,29792
13,145,35236
13,147,26205
13,149,11923
13,151,234561
13,153,157863
13,155,9416
13,157,72977
13,159,14219
13,161,15115
13,163,15362
13,165,8676
13,167,9643
13,169,28735
13,171,19077
13,173,10423
13,175,47546
13,177,29992
13,179,61435
13,181,7921
13,183,19559
13,185,117406
13,187,33610
13,189,21312
13,191,14378
13,193,12947
13,195,29880
13,197,8359
13,199,21167
13,201,5718
13,205,21863
13,207,27578
13,209,9172
13,211,19276
13,213,40096
13,215,195769
13,217,111744
13,219,40280
13,221,15259
13,223,168667
13,225,27546
13,227,32591
13,229,19465
13,231,18962
13,233,42613
13,235,11137
13,237,22119
13,239,2299
13,241,17137
13,243,6778
13,245,202518
13,247,90896
13,249,5257
13,251,13966
13,253,8090
13,255,66703
13,257,25925
13,259,6621
13,261,29524
13,263,6195
13,265,1537
13,267,25286
13,269,8020
13,271,15860
13,273,8531
13,275,44451
13,277,40644
13,279,26830
13,281,12037
13,283,6901
13,285,69922
13,287,7985
13,289,8120
13,291,24511
13,293,26320
13,295,69761
13,297,94593
13,299,35734
13,301,5254
13,303,20374
13,305,29927
13,307,2607
13,309,7855
13,311,30798
13,313,104628
13,315,8635
13,317,9777
13,319,8954
13,321,20247
15,0,1415872
15,1,201513
15,3,974563
15,5,86
15,7,72293
15,9,167417
16,0,1787065
16,1,481587
16,3,4294
16,5,87808
16,7,6125
16,9,9298
16,11,46811
16,13,23021
16,15,7831
16,17,45739
16,19,119062
16,21,12245
16,23,2597
16,25,1106
16,27,229849
16,29,7155
16,31,24030
16,33,845
16,35,8756
16,37,4315
16,39,27511
16,41,13876
16,43,13099
16,45,18112
16,47,15179
16,49,16667
16,51,29871
16,53,24412
16,55,165697
16,57,40108
16,59,8027
16,61,3838
16,63,5366
16,65,39907
16,67,21039
16,69,40408
16,71,4531
16,73,11823
16,75,23951
16,77,7681
16,79,12882
16,81,12142
16,83,86878
16,85,11392
16,87,10194
17,0,12671821
17,1,65435
17,3,5761
17,5,16426
17,7,53544
17,9,6578
17,11,32628
17,13,4739
17,15,14305
17,17,12147
17,19,209689
17,21,32304
17,23,15441
17,25,13184
17,27,37562
17,29,50621
17,31,5150233
17,33,18667
17,35,10766
17,37,104897
17,39,15638
17,41,19465
17,43,922921
17,45,17161
17,47,6395
17,49,34008
17,51,21336
17,53,12961
17,55,38469
17,57,34340
17,59,4828
17,61,12969
17,63,51054
17,65,8116
17,67,17708
17,69,3821
17,71,6646
17,73,48913
17,75,27114
17,77,56750
17,79,9610
17,81,37684
17,83,21773
17,85,21235
17,87,12417
17,89,532403
17,91,109862
17,93,128990
17,95,49699
17,97,696535
17,99,108669
17,101,15678
17,103,34096
17,105,35648
17,107,28618
17,109,29682
17,111,307774
17,113,171517
17,115,104009
17,117,44926
17,119,262966
17,121,37205
17,123,11438
17,125,13359
17,127,13772
17,129,12196
17,131,15437
17,133,34637
17,135,28414
17,137,33658
17,139,14501
17,141,50643
17,143,179179
17,145,20916
17,147,16344
17,149,15561
17,151,4177
17,153,5335
17,155,5739
17,157,31782
17,159,15513
17,161,141879
17,163,259686
17,165,23491
17,167,194672
17,169,6768
17,171,4951
17,173,21634
17,175,5342
17,177,44498
17,179,131803
17,181,16653
17,183,75758
17,185,11520
17,187,16844
17,189,13887
17,191,16215
17,193,13537
17,195,55175
17,197,690743
17,199,66597
17,201,282572
17,203,38459
18,0,6732219
18,1,35777
18,3,379299
18,5,83779
18,7,8748
18,9,11758
18,11,67843
18,13,15092
18,15,20257
18,17,37689
18,19,118302
18,21,26225
18,23,32399
18,25,10577
18,27,33351
18,29,49458
18,31,26559
18,33,43475
18,35,114135
18,37,42736
18,39,206341
18,41,23102
18,43,78522
18,45,16346
18,47,22758
18,49,19974
18,51,33659
18,53,65769
18,55,31922
18,57,338011
18,59,78168
18,61,40515
18,63,170311
18,65,47972
18,67,82544
18,69,36520
18,71,44231
18,73,33562
18,75,20436
18,77,32308
18,79,27735
18,81,158167
18,83,36594
18,85,79456
18,87,39614
18,89,485493
18,91,109888
18,93,45370
18,95,129569
18,97,964582
18,99,46258
18,101,10255
18,103,35516
18,105,148431
18,107,38338
18,109,70489
18,111,13984
18,113,47744
18,115,5875
18,117,19646
18,119,20799
18,121,16937
18,123,19169
18,125,12389
18,127,170389
18,129,25427
18,131,12353
18,133,37576
18,135,24665
18,137,28324
18,139,16581
18,141,271826
18,143,23873
18,145,44729
18,147,20277
18,149,22995
18,151,34594
18,153,20669
18,155,10751
18,157,195732
18,159,15148
18,161,7054
18,163,181451
18,165,15498
18,167,107038
18,169,30996
18,171,8265
18,173,62998
18,175,28036
18,177,65884
18,179,28296
18,181,24102
18,183,33964
19,0,3155070
19,1,7152
19,3,3602
19,5,13687
19,7,12426
19,9,5496
19,11,25645
19,13,131228
19,15,26234
19,17,25062
19,19,21175
19,21,19620
19,23,14439
19,25,9668
19,27,20165
19,29,12836
19,31,18627
19,33,42450
19,35,11235
19,37,11933
19,39,9395
19,41,16016
19,43,17549
19,45,46429
19,47,16820
19,49,93453
19,51,9000
19,53,7870
19,55,17011
19,57,38967
19,59,17258
19,61,97311
19,63,9208
19,65,19650
19,67,15642
19,69,10070
19,71,6960
19,73,8888
19,75,12232
19,77,10689
19,79,14773
19,81,10630
19,83,16846
19,85,14049
19,87,19954
19,89,9158
19,91,9558
19,93,6860
19,95,16184
19,97,19439
19,99,37185
19,101,18295
19,103,151140
19,105,20681
19,107,10246
19,109,14813
19,111,33657
19,113,226706
19,115,11035
19,117,8600
19,119,11755
19,121,16338
19,123,22095
19,125,33253
19,127,39369
19,129,15109
19,131,10586
19,133,8615
19,135,7707
19,137,9917
19,139,42664
19,141,13753
19,143,5958
19,145,15107
19,147,8886
19,149,25177
19,151,6619
19,153,490161
19,155,93206
19,157,18504
19,159,4894
19,161,9721
19,163,172943
19,165,11454
19,167,34855
19,169,97117
19,171,16854
19,173,6121
19,175,12241
19,177,7044
19,179,34969
19,181,51466
19,183,21965
19,185,6441
19,187,35904
19,189,10354
19,191,19991
19,193,103107
19,195,7381
19,197,12562
20,0,2913314
20,1,12369
20,3,7858
20,5,16073
20,7,4427
20,9,25779
20,11,14534
20,13,9564
20,15,66911
20,17,2648
20,19,3250
20,21,19939
20,23,2657
20,25,1994
20,27,8002
20,29,8786
20,31,8179
20,33,1700
20,35,34908
20,37,38818
20,39,2827
20,41,18466
20,43,7600
20,45,122259
20,47,2798
20,49,2530
20,51,28553
20,53,6102
20,55,36467
20,57,33619
20,59,25544
20,61,31670
20,63,2636
20,65,2482
20,67,7150
20,69,5988
20,71,1232
20,73,5982
20,75,2539
20,77,5436
20,79,34429
20,81,3968
20,83,1794
20,85,13171
20,87,19043
20,89,2879
20,91,602401
20,93,3838
20,95,7152
20,97,2475
20,99,19618
20,101,1535
20,103,81758
20,105,2962
20,107,9703
20,109,2794
20,111,33195
20,113,28542
20,115,11884
20,117,9707
20,119,4033
20,121,34237
20,123,5979
20,125,31829
20,127,5620
20,129,2587
20,131,10231
20,133,16007
20,135,2750
20,137,5361
20,139,15949
20,141,3421
20,143,5704
20,145,6414
20,147,5234
20,149,24383
20,151,9164
20,153,2530
20,155,61998
20,157,4636
20,159,9537
20,161,74232
20,163,4920
20,165,3036
20,167,6856
20,169,54224
20,171,4823
20,173,516042
20,175,21428
20,177,176875
20,179,2521
20,181,5917
20,183,3583
20,185,4156
20,187,2006
20,189,5485
20,191,22836
20,193,7777
20,195,2803
20,197,6931
20,199,1518
20,201,5406
20,203,2119
20,205,8525
20,207,3138
20,209,165429
21,0,4467673
21,1,19202
21,3,21315
21,5,22747
21,7,7888
21,9,44249
21,11,12500
21,13,26032
21,15,133581
21,17,19788
21,19,46718
21,21,30060
21,23,8303
21,25,12630
21,27,20477
21,29,81676
21,31,12879
21,33,12747
21,35,39001
21,37,93584
21,39,4760
21,41,10631
21,43,26797
21,45,16159
21,47,70461
21,49,36263
21,51,19901
21,53,10218
21,55,8806
21,57,6614
21,59,101511
21,61,12150
21,63,7517
21,65,14106
21,67,323152
21,69,14581
21,71,35589
21,73,50991
21,75,5969
21,77,8869
21,79,17666
21,81,25069
21,83,37266
21,85,26427
21,87,10941
21,89,35098
21,91,8722
21,93,110958
21,95,26010
21,97,18886
21,99,19035
21,101,45210
21,103,16126
21,105,4380
21,107,44686
21,109,13329
21,111,766757
21,113,54115
21,115,22188
21,117,166998
21,119,14806
21,121,31145
21,123,14398
21,125,60813
21,127,15317
21,129,7403
21,131,9877
21,133,21553
21,135,13275
21,137,24549
21,139,9194
21,141,27102
21,143,8210
21,145,65418
21,147,17231
21,149,9207
21,151,92987
21,153,12161
21,155,19273
21,157,31100
21,159,11195
21,161,17070
21,163,28572
21,165,6489
21,167,21933
21,169,10071
21,171,10650
21,173,28157
21,175,13309
21,177,30622
21,179,46233
21,181,7269
21,183,23994
21,185,66799
21,187,10901
21,189,4415
21,191,14590
21,193,25758
21,195,57876
21,197,12359
21,199,64979
21,201,2108
21,203,16695
21,205,24460
21,207,17923
21,209,57004
21,211,49024
21,213,18572
21,215,19351
21,217,25769
21,219,12294
21,221,14651
21,223,8471
21,225,14381
21,227,132896
21,229,12095
21,231,20333
21,233,12942
21,235,36264
21,237,7157
21,239,26734
22,0,4648794
22,1,62045
22,3,25627
22,5,126604
22,7,21891
22,9,40144
22,11,37497
22,13,13241
22,15,127039
22,17,240204
22,19,203436
22,21,9918
22,23,6973
22,25,9494
22,27,15670
22,29,19259
22,31,27463
22,33,440059
22,35,6861
22,37,19135
22,39,33395
22,41,20015
22,43,22389
22,45,69830
22,47,32511
22,49,15744
22,51,432493
22,53,31368
22,55,244390
22,57,97614
22,59,14892
22,61,46742
22,63,140789
22,65,10951
22,67,24874
22,69,38158
22,71,390144
22,73,153279
22,75,23197
22,77,21730
22,79,129648
22,81,8442
22,83,20122
22,85,23884
22,87,47244
22,89,53100
22,91,10132
22,93,21096
22,95,42837
22,97,82124
22,99,53431
22,101,49348
22,103,260419
22,105,134758
22,107,4334
22,109,110461
22,111,22108
22,113,59511
22,115,47429
22,117,46194
22,119,38340
22,121,26465
22,123,10830
22,125,15568
22,127,13904
23,0,1344212
23,1,108277
23,3,67055
23,5,295003
23,7,30199
23,9,54987
23,11,122302
23,13,39772
23,15,34634
23,17,57975
23,19,152148
23,21,16785
23,23,35856
23,25,50484
23,27,39715
23,29,31379
23,31,207641
24,0,6045680
24,1,70416
24,3,579234
24,5,827370
24,9,92525
24,11,33406
24,13,168447
24,15,102855
24,17,163257
24,19,31929
24,21,259547
24,23,29014
24,25,255441
24,27,325690
24,29,19422
24,31,1050688
24,33,909327
24,35,50381
24,37,113510
24,39,25616
24,41,37181
24,43,151049
24,45,103609
24,47,52276
24,510,593490
25,0,6892503
25,1,212990
25,3,124944
25,5,565217
25,7,17332
25,9,789034
25,11,70180
25,13,466372
25,15,160830
25,17,1611699
25,19,11399
25,21,706775
25,23,521202
25,25,803907
25,27,830622
26,0,9986857
26,1,10405
26,3,9108
26,5,118081
26,7,28405
26,9,23324
26,11,14883
26,13,8209
26,15,61550
26,17,103126
26,19,17766
26,21,153401
26,23,43517
26,25,134159
26,27,51787
26,29,26143
26,31,25276
26,33,37349
26,35,30950
26,37,79595
26,39,14029
26,41,35784
26,43,25239
26,45,110268
26,47,33415
26,49,405813
26,51,25449
26,53,13975
26,55,93088
26,57,40711
26,59,45605
26,61,35684
26,63,30981
26,65,292406
26,67,64697
26,69,25127
26,71,11066
26,73,69872
26,75,158510
26,77,265066
26,79,18038
26,81,656955
26,83,2116
26,85,11853
26,87,87607
26,89,21761
26,91,98451
26,93,191995
26,95,6229
26,97,10799
26,99,873972
26,101,24558
26,103,66699
26,105,29144
26,107,43453
26,109,22780
26,111,83156
26,113,15118
26,115,150500
26,117,63888
26,119,9328
26,121,173566
26,123,48980
26,125,1257584
26,127,26467
26,129,20997
26,131,5720
26,133,23460
26,135,8241
26,137,24668
26,139,291830
26,141,12592
26,143,24019
26,145,190539
26,147,159128
26,149,60964
26,151,41170
26,153,8094
26,155,68122
26,157,52245
26,159,75677
26,161,367601
26,163,1749343
26,165,33631
27,0,5639632
27,1,15886
27,3,356921
27,5,34423
27,7,47188
27,9,40889
27,11,4991
27,13,67653
27,15,25008
27,17,35871
27,19,105089
27,21,29779
27,23,11800
27,25,56579
27,27,64222
27,29,8818
27,31,5463
27,33,11196
27,35,65055
27,37,429021
27,39,20934
27,41,38141
27,43,13653
27,45,21067
27,47,30281
27,49,46340
27,51,5972
27,53,1265843
27,55,18600
27,57,21491
27,59,40596
27,61,45130
27,63,9846
27,65,16337
27,67,43199
27,69,4298
27,71,12229
27,73,6623
27,75,10641
27,77,3740
27,79,28887
27,81,5639
27,83,25474
27,85,35893
27,87,5527
27,89,9336
27,91,19683
27,93,23222
27,95,26277
27,97,33386
27,99,40062
27,101,8194
27,103,34274
27,105,21629
27,107,6375
27,109,158293
27,111,58746
27,113,14119
27,115,29579
27,117,9126
27,119,31364
27,121,11249
27,123,550321
27,125,4055
27,127,15170
27,129,14548
27,131,66972
27,133,9315
27,135,15165
27,137,199070
27,139,149013
27,141,97238
27,143,14865
27,145,161075
27,147,36649
27,149,9805
27,151,9266
27,153,24664
27,155,3259
27,157,21627
27,159,13682
27,161,18612
27,163,262440
27,165,10897
27,167,6207
27,169,50484
27,171,138377
27,173,9709
28,0,2976149
28,1,30693
28,3,36953
28,5,12297
28,7,18174
28,9,8259
28,11,30628
28,13,14361
28,15,9947
28,17,17103
28,19,8210
28,21,8988
28,23,15541
28,25,19316
28,27,22124
28,29,28065
28,31,18636
28,33,184945
28,35,74897
28,37,7713
28,39,24500
28,41,13586
28,43,20758
28,45,47632
28,47,208080
28,49,231840
28,51,17010
28,53,8064
28,55,1327
28,57,23390
28,59,143617
28,61,16383
28,63,6990
28,65,11128
28,67,68098
28,69,9742
28,71,54019
28,73,63343
28,75,74125
28,77,12586
28,79,22786
28,81,85436
28,83,28183
28,85,34153
28,87,58595
28,89,106272
28,91,24573
28,93,35294
28,95,35252
28,97,9775
28,99,29118
28,101,21018
28,103,10417
28,105,49587
28,107,34192
28,109,55535
28,111,11973
28,113,39288
28,115,32174
28,117,25126
28,119,6792
28,121,155271
28,123,28124
28,125,4321
28,127,26658
28,129,15916
28,131,18336
28,133,25110
28,135,13809
28,137,28321
28,139,22015
28,141,19383
28,143,9632
28,145,28815
28,147,14286
28,149,45381
28,151,43909
28,153,20183
28,155,9689
28,157,8630
28,159,17955
28,161,12108
28,163,29690
29,0,6137428
29,1,25343
29,3,17712
29,5,5143
29,7,25388
29,9,35789
29,11,11754
29,13,16172
29,15,19443
29,17,12133
29,19,180463
29,21,87364
29,23,42478
29,25,9020
29,27,44743
29,29,46305
29,31,78871
29,33,8679
29,35,5982
29,37,105780
29,39,14349
29,41,7426
29,43,88595
29,45,6797
29,47,249948
29,49,20387
29,51,76745
29,53,17709
29,55,23920
29,57,7561
29,59,16878
29,61,8278
29,63,12547
29,65,15573
29,67,13185
29,69,29131
29,71,103967
29,73,14706
29,75,6571
29,77,293086
29,79,9850
29,81,8352
29,83,21824
29,85,9544
29,87,4403
29,89,10001
29,91,40117
29,93,10125
29,95,703011
29,97,121328
29,99,225081
29,101,54062
29,103,3959
29,105,35723
29,107,32708
29,109,38355
29,111,9776
29,113,59013
29,115,11920
29,117,15227
29,119,22837
29,121,15117
29,123,12088
29,125,8697
29,127,28530
29,129,3617
29,131,25619
29,133,13180
29,135,16132
29,137,8644
29,139,11551
29,141,20627
29,143,17076
29,145,58236
29,147,22092
29,149,10529
29,151,13615
29,153,9174
29,155,15805
29,157,19136
29,159,42339
29,161,44573
29,163,18302
29,165,104418
29,167,32149
29,169,52607
29,171,4696
29,173,10309
29,175,24748
29,177,23018
29,179,6270
29,181,13288
29,183,402022
29,185,9397
29,186,17894
29,187,67215
29,189,994205
29,195,22761
29,197,4660
29,199,4902
29,201,38280
29,203,8166
29,205,5930
29,207,29025
29,209,31952
29,211,6089
29,213,55928
29,215,25398
29,217,20563
29,219,35649
29,221,24730
29,223,12873
29,225,39592
29,227,2013
29,229,18289
29,510,300576
30,0,1068778
30,1,9453
30,3,13319
30,5,6681
30,7,6237
30,9,10725
30,11,1252
30,13,81366
30,15,5635
30,17,11402
30,19,1690
30,21,8613
30,23,9140
30,25,2846
30,27,11050
30,29,103806
30,31,114434
30,33,1258
30,35,13753
30,37,821
30,39,3379
30,41,16484
30,43,12221
30,45,2007
30,47,30458
30,49,69432
30,51,2337
30,53,19980
30,55,1664
30,57,8600
30,59,1862
30,61,4397
30,63,119600
30,65,4633
30,67,16606
30,69,487
30,71,3954
30,73,5911
30,75,1682
30,77,6890
30,79,1077
30,81,43806
30,83,10803
30,85,11004
30,87,8937
30,89,12113
30,91,3309
30,93,34915
30,95,9642
30,97,3737
30,99,6147
30,101,4736
30,103,696
30,105,7396
30,107,2126
30,109,969
30,111,161300
31,0,1934408
31,1,31363
31,3,6298
31,5,463
31,7,745
31,9,465
31,11,5192
31,13,10783
31,15,1919
31,17,2955
31,19,49659
31,21,6459
31,23,8016
31,25,26248
31,27,8402
31,29,3924
31,31,5689
31,33,8910
31,35,6203
31,37,10709
31,39,8846
31,41,10777
31,43,20026
31,45,8589
31,47,23595
31,49,1794
31,51,5636
31,53,36565
31,55,571327
31,57,1693
31,59,5462
31,61,2979
31,63,2627
31,65,4676
31,67,21513
31,69,1837
31,71,1969
31,73,1990
31,75,623
31,77,2356
31,79,61353
31,81,9324
31,83,3380
31,85,922
31,87,2762
31,89,10067
31,91,682
31,93,6445
31,95,7046
31,97,5071
31,99,6495
31,101,8034
31,103,806
31,105,3632
31,107,8332
31,109,319090
31,111,34914
31,113,748
31,115,664
31,117,494
31,119,35099
31,121,7755
31,123,4642
31,125,3519
31,127,6972
31,129,4148
31,131,16012
31,133,2613
31,135,2891
31,137,9034
31,139,7148
31,141,33470
31,143,5213
31,145,10724
31,147,7865
31,149,1357
31,151,14224
31,153,187196
31,155,21578
31,157,35618
31,159,17284
31,161,5246
31,163,3001
31,165,1166
31,167,5920
31,169,5003
31,171,722
31,173,7224
31,175,4158
31,177,20729
31,179,9385
31,181,3487
31,183,783
31,185,13679
32,0,3080156
32,1,24909
32,3,2266715
32,5,48905
32,7,52778
32,9,873
32,11,2029
32,13,16831
32,15,5532
32,17,5183
32,19,57510
32,21,4505
32,23,46523
32,27,6725
32,29,4123
32,31,471519
32,33,9580
32,510,55916
33,0,1359711
33,1,61303
33,3,48910
33,5,76085
33,7,31563
33,9,89886
33,11,417025
33,13,151391
33,15,309769
33,17,130633
33,19,43146
34,0,8882190
34,1,263670
34,3,932202
34,5,445349
34,7,506471
34,9,92039
34,11,149527
34,13,798975
34,15,291636
34,17,672391
34,19,124371
34,21,367430
34,23,825062
34,25,618795
34,27,491845
34,29,607186
34,31,501826
34,33,62385
34,35,328934
34,37,140488
34,39,556341
34,41,105267
35,0,2096829
35,1,679121
35,3,3527
35,5,64615
35,6,26675
35,7,11941
35,9,48954
35,11,1748
35,13,218195
35,15,58460
35,17,26998
35,19,4300
35,21,625
35,23,4198
35,25,71070
35,27,19572
35,28,19369
35,29,23709
35,31,71367
35,33,4521
35,35,67490
35,37,8253
35,39,38921
35,41,18500
35,43,146748
35,45,123958
35,47,27277
35,49,150358
35,51,10791
35,53,16637
35,55,32723
35,57,15461
35,59,4059
35,61,76688
36,0,19453561
36,1,305506
36,3,46091
36,5,1418207
36,7,190488
36,9,76117
36,11,76576
36,13,126903
36,15,83456
36,17,47207
36,19,80485
36,21,59461
36,23,47581
36,25,44135
36,27,294218
36,29,918702
36,31,36885
36,33,50022
36,35,53383
36,37,57280
36,39,47188
36,41,4416
36,43,61319
36,45,109834
36,47,2559903
36,49,26296
36,51,62914
36,53,70941
36,55,741770
36,57,49221
36,59,1356924
36,61,1628706
36,63,209281
36,65,228671
36,67,460528
36,69,109777
36,71,384940
36,73,40352
36,75,117124
36,77,59493
36,79,98320
36,81,2253858
36,83,158714
36,85,476143
36,87,325789
36,89,107740
36,91,229863
36,93,155299
36,95,30999
36,97,17807
36,99,34016
36,101,95379
36,103,1476601
36,105,75432
36,107,48203
36,109,102180
36,111,177573
36,113,63944
36,115,61204
36,117,89918
36,119,967506
36,121,39859
36,123,24913
37,0,10488084
37,1,169509
37,3,37497
37,5,11137
37,7,24446
37,9,27203
37,11,17557
37,13,46994
37,15,18947
37,17,32722
37,19,142820
37,21,261191
37,23,90485
37,25,216453
37,27,82178
37,29,10867
37,31,69473
37,33,22604
37,35,159551
37,37,74470
37,39,28612
37,41,13943
37,43,11231
37,45,97947
37,47,55508
37,49,102139
37,51,335509
37,53,27763
37,55,37009
37,57,167609
37,59,42846
37,61,58741
37,63,321488
37,65,51472
37,67,382295
37,69,69685
37,71,224529
37,73,11562
37,75,8441
37,77,60443
37,79,21069
37,81,537174
37,83,50010
37,85,135976
37,87,62317
37,89,117417
37,91,23677
37,93,55234
37,95,4937
37,97,181806
37,99,43938
37,101,209339
37,103,9419
37,105,61779
37,107,55949
37,109,86111
37,111,45756
37,113,35858
37,115,21755
37,117,22440
37,119,1110356
37,121,14964
37,123,27173
37,125,100880
37,127,94298
37,129,234473
37,131,19483
37,133,197938
37,135,148476
37,137,12726
37,139,39824
37,141,63060
37,143,13463
37,145,39490
37,147,180742
37,149,20724
37,151,143667
37,153,44829
37,155,130625
37,157,91010
37,159,142088
37,161,67029
37,163,63531
37,165,34823
37,167,62806
37,169,45591
37,171,71783
37,173,14271
37,175,34385
37,177,4016
37,179,239859
37,181,44535
37,183,1111761
37,185,19731
37,187,11580
37,189,56177
37,191,123131
37,193,68412
37,195,81801
37,197,37667
37,199,18069
38,0,762062
38,1,2216
38,3,10415
38,5,6832
38,7,928
38,9,6282
38,11,3024
38,13,2115
38,15,95626
38,17,181923
38,19,3762
38,21,4872
38,23,2264
38,25,4424
38,27,2287
38,29,3241
38,31,3210
38,33,1761
38,35,69451
38,37,2274
38,39,2231
38,41,2499
38,43,2480
38,45,4046
38,47,1850
38,49,5745
38,51,2497
38,53,15024
38,55,9450
38,57,8187
38,59,31364
38,61,10545
38,63,2879
38,65,1959
38,67,6801
38,69,3975
38,71,11519
38,73,5218
38,75,2327
38,77,16177
38,79,14176
38,81,3898
38,83,1315
38,85,4230
38,87,750
38,89,31489
38,91,1890
38,93,20704
38,95,2189
38,97,8036
38,99,10641
38,101,67641
38,103,3834
38,105,37589
39,0,11689100
39,1,27698
39,3,102351
39,5,53484
39,7,97241
39,9,65327
39,11,45656
39,13,67006
39,15,43432
39,17,383134
39,19,26914
39,21,38885
39,23,134083
39,25,206428
39,27,41968
39,29,101883
39,31,36600
39,33,41494
39,35,1235072
39,37,51113
39,39,38087
39,41,209177
39,43,74266
39,45,157574
39,47,28525
39,49,1316756
39,51,42126
39,53,29898
39,55,93649
39,57,168937
39,59,38875
39,61,817473
39,63,75783
39,65,31365
39,67,15040
39,69,27006
39,71,43161
39,73,28264
39,75,43960
39,77,58266
39,79,32413
39,81,65325
39,83,62322
39,85,230149
39,87,59463
39,89,176862
39,91,45672
39,93,309833
39,95,428348
39,97,44731
39,99,228683
39,101,65093
39,103,179746
39,105,22907
39,107,41172
39,109,106987
39,111,13654
39,113,531687
39,115,14508
39,117,35328
39,119,86215
39,121,14424
39,123,40525
39,125,18672
39,127,36134
39,129,58457
39,131,27772
39,133,162466
39,135,40882
39,137,33861
39,139,121154
39,141,76666
39,143,58518
39,145,75314
39,147,55178
39,149,48590
39,151,370606
39,153,541013
39,155,197974
39,157,91987
39,159,58988
39,161,28275
39,163,13085
39,165,234602
39,167,59911
39,169,115710
39,171,36692
39,173,130817
39,175,21772
40,0,3956971
40,1,22194
40,3,5702
40,5,13758
40,7,5311
40,9,21859
40,11,9429
40,13,47995
40,15,28762
40,17,148306
40,19,48111
40,21,48657
40,23,14672
40,25,2137
40,27,284014
40,29,5495
40,31,120749
40,33,5666
40,35,14142
40,37,71522
40,39,29003
40,41,43009
40,43,4891
40,45,3859
40,47,61056
40,49,27711
40,51,55834
40,53,4333
40,55,5712
40,57,2653
40,59,3688
40,61,12627
40,63,13279
40,65,24530
40,67,6002
40,69,11085
40,71,43538
40,73,15765
40,75,8708
40,77,10073
40,79,49853
40,81,34877
40,83,48011
40,85,10253
40,87,40474
40,89,32832
40,91,19596
40,93,7629
40,95,16931
40,97,41100
40,99,14073
40,101,67997
40,103,11131
40,105,10076
40,107,11993
40,109,797434
40,111,38465
40,113,46963
40,115,31127
40,117,16376
40,119,81784
40,121,43654
40,123,38284
40,125,72592
40,127,11096
40,129,3583
40,131,92459
40,133,24258
40,135,41569
40,137,43143
40,139,19983
40,141,7250
40,143,651552
40,145,81289
40,147,51527
40,149,10916
40,151,8793
40,153,20211
41,0,4217737
41,1,16124
41,3,93053
41,5,418187
41,7,40224
41,9,52354
41,11,64487
41,13,24404
41,15,22925
41,17,197692
41,19,110980
41,21,1912
41,23,7199
41,25,7393
41,27,23382
41,29,220944
41,31,24658
41,33,87487
41,35,68238
41,37,7869
41,39,382067
41,41,49962
41,43,129749
41,45,30571
41,47,347818
41,49,11603
41,51,812855
41,53,86085
41,55,1780
41,57,27036
41,59,77950
41,61,26835
41,63,7208
41,65,26682
41,67,601592
41,69,1332
41,71,107100
42,0,12801989
42,1,103009
42,3,1216045
42,5,64735
42,7,163929
42,9,47888
42,11,421164
42,13,121829
42,15,60323
42,17,628270
42,19,187853
42,21,130192
42,23,4447
42,25,64182
42,27,162385
42,29,524989
42,31,38438
42,33,79255
42,35,38632
42,37,64964
42,39,84629
42,41,253370
42,43,278299
42,45,566747
42,47,29910
42,49,269728
42,51,129274
42,53,7247
42,55,155027
42,57,14530
42,59,36233
42,61,45144
42,63,84073
42,65,43425
42,67,24763
42,69,209674
42,71,545724
42,73,85512
42,75,141793
42,77,369318
42,79,317417
42,81,113299
42,83,40625
42,85,109424
42,87,46138
42,89,170271
42,91,830915
42,93,18230
42,95,305285
42,97,90843
42,99,46272
42,101,1584064
42,103,55809
42,105,16526
42,107,141359
42,109,40372
42,111,73447
42,113,6066
42,115,40328
42,117,40591
42,119,44923
42,121,50668
42,123,39191
42,125,206865
42,127,51361
42,129,348899
42,131,26794
42,133,449058
44,0,1059361
44,1,48479
44,3,164292
44,5,82082
44,7,638931
44,9,125577
45,0,5148714
45,1,24527
45,3,170872
45,5,8688
45,7,202558
45,9,14066
45,11,20866
45,13,192122
45,15,227907
45,17,14553
45,19,411406
45,21,57300
45,23,32244
45,25,45650
45,27,33745
45,29,37677
45,31,66618
45,33,30479
45,35,162809
45,37,27260
45,39,22347
45,41,138293
45,43,62680
45,45,523542
45,47,70811
45,49,19222
45,51,354081
45,53,30073
45,55,66551
45,57,98012
45,59,67493
45,61,16828
45,63,298750
45,65,9463
45,67,30657
45,69,26118
45,71,38440
45,73,79546
45,75,86175
45,77,126884
45,79,415759
45,81,20473
45,83,319785
45,85,106721
45,87,27316
45,89,30368
45,91,280979
46,0,884659
46,3,2751
46,5,18453
46,7,3365
46,9,6901
46,11,35077
46,13,38839
46,15,5297
46,17,1962
46,19,10429
46,21,1376
46,23,9292
46,25,3736
46,27,14070
46,29,28009
46,31,4086
46,33,8972
46,35,19775
46,37,5424
46,39,4351
46,41,5892
46,43,2921
46,45,3829
46,47,6713
46,49,2299
46,51,7052
46,53,4185
46,55,1899
46,57,6164
46,59,3191
46,61,3453
46,63,1298
46,65,17526
46,67,7291
46,69,1301
46,71,3344
46,73,2013
46,75,903
46,77,4939
46,79,12797
46,81,25844
46,83,61128
46,85,3781
46,87,5586
46,89,2379
46,91,4935
46,93,28332
46,95,2061
46,97,2216
46,99,193134
46,101,6576
46,102,14177
46,103,113775
46,105,2865
46,107,2153
46,109,10394
46,111,2344
46,115,6376
46,117,3098
46,119,1391
46,121,10177
46,123,5441
46,125,8384
46,127,15932
46,129,5435
46,135,22814
46,137,2756
47,0,6829174
47,1,76978
47,3,49713
47,5,16160
47,7,15064
47,9,133088
47,11,108110
47,13,39842
47,15,14678
47,17,27767
47,19,56391
47,21,40667
47,23,17297
47,25,31959
47,27,7615
47,29,36004
47,31,56520
47,33,14230
47,35,60520
47,37,694144
47,39,11663
47,41,20490
47,43,53948
47,45,37159
47,47,41133
47,49,18523
47,51,42208
47,53,49133
47,55,29464
47,57,23320
47,59,69069
47,61,13427
47,63,64934
47,65,367804
47,67,6620
47,69,25050
47,71,25652
47,73,56786
47,75,17304
47,77,28117
47,79,32345
47,81,25178
47,83,8201
47,85,18582
47,87,11786
47,89,54495
47,91,17788
47,93,470313
47,95,7016
47,97,25633
47,99,44142
47,101,12268
47,103,34366
47,105,54068
47,107,53794
47,109,25694
47,111,24602
47,113,97984
47,115,28907
47,117,34375
47,119,96387
47,121,12422
47,123,46545
47,125,208993
47,127,6488
47,129,21403
47,131,30069
47,133,22241
47,135,8076
47,137,5048
47,139,16832
47,141,80245
47,143,33167
47,145,53382
47,147,71813
47,149,332285
47,151,22068
47,153,15026
47,155,98250
47,157,937166
47,159,20157
47,161,13715
47,163,158348
47,165,191283
47,167,61599
47,169,11284
47,171,17883
47,173,19972
47,175,5872
47,177,41277
47,179,129375
47,181,16673
47,183,33328
47,185,27345
47,187,238412
47,189,144657
48,0,28995881
48,1,57735
48,3,18705
48,5,86715
48,7,23510
48,9,8553
48,11,1887
48,13,51153
48,15,30032
48,17,7000
48,19,23112
48,21,88723
48,23,3509
48,25,32565
48,27,362924
48,29,2003554
48,31,11931
48,33,654
48,35,18685
48,37,93245
48,39,374264
48,41,229211
48,43,9203
48,45,1546
48,47,7093
48,49,37864
48,51,18443
48,53,48155
48,55,43664
48,57,21290
48,59,13943
48,61,423163
48,63,13094
48,65,5926
48,67,30026
48,69,7530
48,71,43837
48,73,52646
48,75,7306
48,77,10471
48,79,2853
48,81,3387
48,83,8175
48,85,1034730
48,87,2920
48,89,21493
48,91,156209
48,93,13635
48,95,2726
48,97,41257
48,99,75951
48,101,1398
48,103,4797
48,105,3464
48,107,5737
48,109,2171
48,111,7287
48,113,2635516
48,115,12728
48,117,18546
48,119,5331
48,121,887207
48,123,20160
48,125,2211
48,127,10124
48,129,3278
48,131,11157
48,133,18360
48,135,166223
48,137,1932
48,139,184826
48,141,839238
48,143,42698
48,145,17297
48,147,35514
48,149,25346
48,151,3830
48,153,5712
48,155,1155
48,157,811688
48,159,10725
48,161,19717
48,163,20306
48,165,21492
48,167,342139
48,169,6229
48,171,26988
48,173,1409
48,175,7658
48,177,20837
48,179,21886
48,181,136212
48,183,123945
48,185,28880
48,187,166847
48,189,33406
48,191,2964
48,193,8461
48,195,5399
48,197,3933
48,199,57602
48,201,4713325
48,203,66553
48,205,5576
48,207,5658
48,209,230191
48,211,3819
48,213,82737
48,215,868707
48,217,36649
48,219,23021
48,221,61643
48,223,37084
48,225,22968
48,227,36664
48,229,4886
48,231,98594
48,233,20938
48,235,1536
48,237,8935
48,239,14760
48,241,35529
48,243,2274
48,245,251565
48,247,5200
48,249,40482
48,251,175817
48,253,20083
48,255,15601
48,257,136154
48,259,47431
48,261,404
48,263,762
48,265,52600
48,267,4337
48,269,272
48,271,3667
48,273,30680
48,275,3664
48,277,49859
48,279,12893
48,281,21428
48,283,7520
48,285,20154
48,287,17239
48,289,17404
48,291,88219
48,293,23437
48,295,3233
48,297,12207
48,299,21795
48,301,169
48,303,310569
48,305,5951
48,307,7984
48,309,256623
48,311,743
48,313,14284
48,315,9854
48,317,5771
48,319,4274
48,321,36643
48,323,58722
48,325,51584
48,327,2138
48,329,176832
48,331,24823
48,333,4873
48,335,8545
48,337,19818
48,339,607391
48,341,20940
48,343,12388
48,345,1200
48,347,65204
48,349,50113
48,351,13595
48,353,14714
48,355,362294
48,357,9836
48,359,2112
48,361,83396
48,363,29189
48,365,23194
48,367,142878
48,369,9605
48,371,15823
48,373,51353
48,375,117415
48,377,6704
48,379,12514
48,381,137713
48,383,3849
48,385,3452
48,387,12023
48,389,15976
48,391,6948
48,393,854
48,395,17074
48,397,104915
48,399,10264
48,401,54406
48,403,10542
48,405,8237
48,407,28859
48,409,66730
48,411,6055
48,413,2793
48,415,16703
48,417,3265
48,419,25274
48,421,3022
48,423,232751
48,425,9128
48,427,64633
48,429,9366
48,431,1291
48,433,1350
48,435,3776
48,437,7397
48,439,2102515
48,441,138034
48,443,776
48,445,12337
48,447,1501
48,449,32750
48,451,119200
48,453,1273954
48,455,14651
48,457,21672
48,459,41753
48,461,3657
48,463,26741
48,465,49025
48,467,56590
48,469,92084
48,471,72971
48,473,55246
48,475,11998
48,477,35882
48,479,276652
48,481,41556
48,483,5056
48,485,132230
48,487,12769
48,489,21358
48,491,590551
48,493,51070
48,495,8010
48,497,69984
48,499,45539
48,501,8713
48,503,18010
48,505,14179
48,507,11840
49,0,3205958
49,1,6710
49,3,56046
49,5,128289
49,7,20463
49,9,950
49,11,355481
49,13,19938
49,15,10012
49,17,5051
49,19,9754
49,21,54839
49,23,12017
49,25,7886
49,27,13188
49,29,12124
49,31,1479
49,33,2483
49,35,1160437
49,37,15308
49,39,30939
49,41,21620
49,43,42145
49,45,72259
49,47,35734
49,49,636235
49,51,34091
49,53,177556
49,55,2711
49,57,260213
50,0,623989
50,1,36777
50,3,35470
50,5,29993
50,7,163774
50,9,6163
50,11,49402
50,13,7235
50,15,25362
50,17,28892
50,19,27037
50,21,58191
50,23,58409
50,25,42222
50,27,55062
51,0,8535519
51,1,32316
51,3,109330
51,5,14860
51,7,13145
51,9,31605
51,11,15911
51,13,236842
51,15,75558
51,17,4147
51,19,78997
51,21,6280
51,23,33419
51,25,16231
51,27,21004
51,29,17148
51,31,54885
51,33,30725
51,35,29791
51,36,6963
51,37,11880
51,41,352802
51,43,14619
51,45,5131
51,47,52605
51,49,9932
51,51,14318
51,53,28544
51,57,10953
51,59,1147532
51,61,71222
51,63,15749
51,65,27270
51,67,56042
51,69,89313
51,71,16720
51,73,37348
51,75,23753
51,77,15550
51,79,19819
51,81,11336
51,83,33911
51,85,107766
51,87,330818
51,89,50557
51,91,2190
51,93,37109
51,95,76523
51,97,7025
51,99,26836
51,101,17148
51,103,10603
51,105,23423
51,107,413538
51,109,37591
51,111,12196
51,113,13261
51,115,8834
51,117,30587
51,119,10582
51,121,98535
51,125,14930
51,127,23091
51,131,11710
51,133,12095
51,135,15232
51,137,37051
51,139,23902
51,141,17608
51,143,60354
51,145,29652
51,147,22802
51,149,38353
51,153,470335
51,155,34027
51,157,7370
51,159,9023
51,161,94186
51,163,22573
51,165,81948
51,167,26586
51,169,21566
51,171,43616
51,173,30104
51,175,17631
51,177,136215
51,179,152882
51,181,6422
51,183,11159
51,185,40595
51,187,40164
51,191,53740
51,193,18015
51,195,37383
51,197,28684
51,199,68280
51,510,159428
51,520,16762
51,530,6478
51,540,47266
51,550,244835
51,570,17370
51,580,5538
51,590,40044
51,595,5346
51,600,24019
51,610,14617
51,620,7967
51,630,29036
51,640,6347
51,650,134510
51,660,53016
51,670,22529
51,678,7446
51,680,82168
51,683,41085
51,685,17478
51,690,12554
51,700,179225
51,710,242742
51,720,3981
51,730,31346
51,735,12271
51,740,94398
51,750,18249
51,760,230436
51,770,99143
51,775,25301
51,790,24932
51,800,92108
51,810,449974
51,820,22630
51,830,14954
51,840,28078
53,0,7614893
53,1,19983
53,3,22582
53,5,204390
53,7,77200
53,9,77331
53,11,488241
53,13,3985
53,15,110593
53,17,43429
53,19,7627
53,21,95222
53,23,2225
53,25,97733
53,27,75061
53,29,85141
53,31,32221
53,33,2252782
53,35,271473
53,37,47935
53,39,22425
53,41,80707
53,43,10939
53,45,66768
53,47,42243
53,49,22471
53,51,13724
53,53,904980
53,55,17582
53,57,129205
53,59,12083
53,61,822083
53,63,522798
53,65,45723
53,67,290536
53,69,4488
53,71,60760
53,73,229247
53,75,50104
53,77,250873
54,0,1792147
54,1,16441
54,3,119171
54,5,21457
54,7,13957
54,9,21939
54,11,91945
54,13,7109
54,15,8508
54,17,8448
54,19,42406
54,21,7823
54,23,11568
54,25,34662
54,27,23175
54,29,28810
54,31,13776
54,33,67256
54,35,28576
54,37,57146
54,39,178124
54,41,15907
54,43,20409
54,45,32019
54,47,17624
54,49,56072
54,51,30531
54,53,26516
54,55,58758
54,57,26868
54,59,23424
54,61,105612
54,63,13275
54,65,17884
54,67,24496
54,69,41411
54,71,6969
54,73,7460
54,75,8247
54,77,33432
54,79,56450
54,81,73361
54,83,28695
54,85,9554
54,87,13688
54,89,12573
54,91,16695
54,93,6839
54,95,8591
54,97,24176
54,99,39402
54,101,8114
54,103,15065
54,105,5821
54,107,83518
54,109,20394
55,0,5822434
55,1,20220
55,3,15562
55,5,45244
55,7,15036
55,9,264542
55,11,13031
55,13,15414
55,15,50089
55,17,64658
55,19,34774
55,21,57532
55,23,16131
55,25,546695
55,27,87839
55,29,27668
55,31,43150
55,33,45368
55,35,104646
55,37,4295
55,39,103403
55,41,9004
55,43,51439
55,45,36960
55,47,18913
55,49,23678
55,51,5687
55,53,20643
55,55,84769
55,57,26687
55,59,169561
55,61,20434
55,63,118016
55,65,16665
55,67,19189
55,69,27593
55,71,78981
55,73,135692
55,75,40350
55,77,15574
55,78,4556
55,79,945726
55,81,46253
55,83,37930
55,85,35595
55,87,187885
55,89,89221
55,91,7287
55,93,42754
55,95,43783
55,97,70772
55,99,13351
55,101,196311
55,103,17252
55,105,163354
55,107,14178
55,109,90687
55,111,64442
55,113,16558
55,115,40899
55,117,115340
55,119,20343
55,121,29649
55,123,30822
55,125,22195
55,127,103868
55,129,15720
55,131,136034
55,133,404198
55,135,50990
55,137,24443
55,139,171907
55,141,72999
56,0,578759
56,1,38880
56,3,11790
56,5,46341
56,7,14800
56,9,13822
56,11,7584
56,13,39261
56,15,13211
56,17,4413
56,19,8445
56,21,99500
56,23,19830
56,25,79858
56,27,2356
56,29,29194
56,31,8393
56,33,30485
56,35,9831
56,37,42343
56,39,23464
56,41,20226
56,43,7805
56,45,6927
